<?xml version="1.0" encoding="utf-8"?>
<feed xmlns="http://www.w3.org/2005/Atom">

  <title><![CDATA[Category: Voip, | Lei Wu, Web Developer]]></title>
  <link href="http://wuleicanada.github.io/blog/categories/voip/atom.xml" rel="self"/>
  <link href="http://wuleicanada.github.io/"/>
  <updated>2018-08-24T20:53:05+00:00</updated>
  <id>http://wuleicanada.github.io/</id>
  <author>
    <name><![CDATA[Lei Wu]]></name>
    
  </author>
  <generator uri="http://octopress.org/">Octopress</generator>

  
  <entry>
    <title type="html"><![CDATA[Building a Free Conference Call System]]></title>
    <link href="http://wuleicanada.github.io/blog/2015/12/08/building-a-free-conference-call-system/"/>
    <updated>2015-12-08T15:30:55+00:00</updated>
    <id>http://wuleicanada.github.io/blog/2015/12/08/building-a-free-conference-call-system</id>
    <content type="html"><![CDATA[<p>I built a conference call system on my Windows 7 laptop, using Oracle VirtualBox, Asterisk and FreePBX. The combination of GetOnSIP and IPKall offers PSTN access.
And a free account at CallCentric allows callers to dial in using iNum or SIP.</p>

<p>It&rsquo;s a pure hobbyist project. Since I&rsquo;m familiar with all the pieces, on one gloomy winter day I said to myself: &ldquo;Why not put them together to make something fun?&rdquo;</p>

<h2>Install VirtualBox</h2>

<p>Asterisk, the open source PBX system with built-in conference features, only lives on Linux.
But I just have a Windows 7 laptop at my disposal for this endeavour. Hence VirtualBox.</p>

<p>After downloading it from <a href="https://www.virtualbox.org/wiki/Downloads">https://www.virtualbox.org/wiki/Downloads</a> , the installation is straightforward.</p>

<h2>Install AsteriskNow</h2>

<p>AsteriskNow is a bundled distro of Centos, Asterisk and FreePBX. Get it from here and follow the instructions:
<a href="https://wiki.asterisk.org/wiki/display/AST/Installing+AsteriskNOW">https://wiki.asterisk.org/wiki/display/AST/Installing+AsteriskNOW</a></p>

<h2>Change VirtualBox network settings</h2>

<p>FreePBX is web based admin GUI for Asterisk. Since my VirtualBox guest system is only a terminal without GUI, I can&rsquo;t access any web pages from the VM.
I did try a text-based browser called <a href="http://lynx.browser.org/">Lynx</a> but unfortunately the FreePBX admin interface requires JavaScript, which Lynx
doesn&rsquo;t support.</p>

<p>Next, I tried to access the Admin interface <code>http://10.0.2.15</code> from my Windows host, but it was unreachable.</p>

<p>Then I realized 10.0.2.15 was just a VirtualBox IP. The solution is quite simple, just change the network adapter
from &ldquo;NAT&rdquo; to &ldquo;Bridged Adapter&rdquo;. This can be done from &ldquo;Machine&rdquo; -> &ldquo;Settings&rdquo; -> &ldquo;Network&rdquo;.</p>

<p>Now my guest system has an IP that&rsquo;s accessible from my Windows hosts.</p>

<h2>Create a Conference in FreePBX</h2>

<p>Go to FreePBX admin GUI at <code>http://IP_OF_YOUR_ASTERISK</code>, then click &ldquo;Applications&rdquo; -> &ldquo;Conferences&rdquo; to add a new conference.</p>

<p>At this point, my conference is up and running. But it can&rsquo;t be reached by the outside world yet.</p>

<h2>Sign up a GetOnSIP account</h2>

<p>GetOnSIP offers free SIP accounts. I signed up one to be used as a new trunk in FreePBX.
Follow these <a href="https://support.onsip.com/hc/en-us/articles/203675264-FreePBX-Configuration-for-OnSIP-Trunking-">offical instructions</a>.</p>

<p>Now callers can reach my conference via SIP calls.</p>

<h2>Sign up a IPKall account</h2>

<p>To allow callers to reach my GetOnSIP account using PSTN (or DID, or regular phone line), I created an account at IPKall, which assigned a 206 Washington state area code
phone number to be forwarded to my GetOnSIP SIP address.</p>

<p>I&rsquo;m still not quite satisfied with my work yet. It would be nice if I can offer local dial in numbers to avoid long distance charges.</p>

<p>The web site <a href="http://e164.org">http://e164.org</a> used to offer a free service to register your phone number in their ENUM database, which mapped DID numbers to their corresponding SIP URLs.
The ENUM database will be queried by other VoIP services such as SIPBroker. The latter provides local dial in numbers. Unfortunately, the registration function at <a href="http://e164.org">http://e164.org</a> no longer works.</p>

<p>As a workaround, I resorted to CallCentric.</p>

<h2>Sign up a CallCentric free account</h2>

<p>DID numbers are not free at CallCentric, but <a href="http://www.inum.net">iNum</a> numbers are. Callers can reach my conference room by calling the iNum number.</p>

<p>I know four ways to reach an iNum number:</p>

<ul>
<li>If your VoIP phone provider (such as CallCentric, voip.ms, etc.) supports it, you can dial it like <code>+883 510 xxxxxxxxx</code>. In the United States and Canada, + means 011. The calls are free of charge, although they look like international numbers.</li>
<li>Use one of the <a href="http://www.inum.net/what-is-inum-2/local-access-numbers/">local dial in numbers</a> for iNum</li>
<li>Dial via <a href="http://sipbroker.com/">SipBroker</a> (code *8124)</li>
<li>Use SIP URI <code>8835100xxxxxxxx@inum.net</code> if you know how to make a SIP call. One option is to use <a href="https://www.getonsip.com/">GetOnSIP</a>.</li>
</ul>


<p>Both iNum and SipBroker offer their local dial in numbers, which can complement each other.</p>

<p>Alternatively, because CallCentric support SIP calls, it&rsquo;s also possible to call your CallCentric number 1777xxxxxxx using one of the following methods:</p>

<ul>
<li>SIP peering if your VoIP provider supports it, <code>**275 *462 1777xxxxxxx</code></li>
<li>Again, <a href="http://sipbroker.com/">SipBroker</a> (code *462)</li>
<li>SIP URI <code>1777xxxxxxx@in.callcentric.com</code></li>
</ul>


<h2>Adding CallCentric to FreePBX</h2>

<p>Follow the <a href="http://www.callcentric.com/support/device/freepbx">official instructions from CallCentric</a> to set it up as a new trunk in FreePBX.</p>

<p>In my case, I only need to configure trunk (Step 1) and inbound route (Step 4). I don&rsquo;t really care about outbound route or extension.</p>

<p>My Asterisk version is 13, so I used the configuration for the latest Asterisk in the PEER Details section.</p>

<p>I also route all incoming calls to the Conference I created earlier.</p>

<p>With that, I added local dial in numbers to my conference room.</p>

<p>Sadly, the free plan from CallCentric only include two channels, meaning only two callers can dial in simultaneously. And additional channels are quite expansive.</p>

<p>But I had to stop it there. It&rsquo;s not perfect, but at least two DID callers can avoid long distance.</p>

<h2>Conclusion</h2>

<p>My conference room is up and running! And completely free of charge, both for me and my callers!</p>

<p>Asterisk is very powerful, enough for serious business usage. I&rsquo;m just dipping into a fraction of it and already amazed by its capability.</p>
]]></content>
  </entry>
  
</feed>
